"","value","param","species"
"1",4.69022583938204,"theta","dichotomius_satanas"
"2",5.05982892611064,"theta","dichotomius_satanas"
"3",5.59840898169205,"theta","dichotomius_satanas"
"4",4.5031327442266,"theta","dichotomius_satanas"
"5",5.78059257380664,"theta","dichotomius_satanas"
"6",5.46916584158316,"theta","dichotomius_satanas"
"7",5.42518229712732,"theta","dichotomius_satanas"
"8",4.2745649095159,"theta","dichotomius_satanas"
"9",5.33770672301762,"theta","dichotomius_satanas"
"10",5.86625917837955,"theta","dichotomius_satanas"
"11",5.96380854514427,"theta","dichotomius_satanas"
"12",5.92580700665712,"theta","dichotomius_satanas"
"13",4.52139151189476,"theta","dichotomius_satanas"
"14",5.70985692809336,"theta","dichotomius_satanas"
"15",5.34201006661169,"theta","dichotomius_satanas"
"16",5.75527407135814,"theta","dichotomius_satanas"
"17",5.75442646536976,"theta","dichotomius_satanas"
"18",5.31341885938309,"theta","dichotomius_satanas"
"19",5.29817353724502,"theta","dichotomius_satanas"
"20",5.35588108492084,"theta","dichotomius_satanas"
"21",5.18085325043648,"theta","dichotomius_satanas"
"22",4.51218812051229,"theta","dichotomius_satanas"
"23",5.97334826155566,"theta","dichotomius_satanas"
"24",5.96103568701074,"theta","dichotomius_satanas"
"25",4.55735620483756,"theta","dichotomius_satanas"
"26",5.51478051254526,"theta","dichotomius_satanas"
"27",5.75315466872416,"theta","dichotomius_satanas"
"28",5.89793485845439,"theta","dichotomius_satanas"
"29",5.56501280888915,"theta","dichotomius_satanas"
"30",5.70888459472917,"theta","dichotomius_satanas"
"31",5.40754330833443,"theta","dichotomius_satanas"
"32",5.57158399862237,"theta","dichotomius_satanas"
"33",5.94586945627816,"theta","dichotomius_satanas"
"34",3.90113050141372,"theta","dichotomius_satanas"
"35",5.74500034586526,"theta","dichotomius_satanas"
"36",5.777161286911,"theta","dichotomius_satanas"
"37",5.71188531140797,"theta","dichotomius_satanas"
"38",5.84140902408399,"theta","dichotomius_satanas"
"39",5.54245493747294,"theta","dichotomius_satanas"
"40",5.95877398177981,"theta","dichotomius_satanas"
"41",5.32949129259214,"theta","dichotomius_satanas"
"42",5.77741622948088,"theta","dichotomius_satanas"
"43",5.92213189019822,"theta","dichotomius_satanas"
"44",4.63920258474536,"theta","dichotomius_satanas"
"45",5.85644884873182,"theta","dichotomius_satanas"
"46",4.15211441251449,"theta","dichotomius_satanas"
"47",5.82996660866775,"theta","dichotomius_satanas"
"48",5.95359677355736,"theta","dichotomius_satanas"
"49",5.66013308032416,"theta","dichotomius_satanas"
"50",4.80631499690935,"theta","dichotomius_satanas"
"51",5.69100453425199,"theta","dichotomius_satanas"
"52",5.62918263860047,"theta","dichotomius_satanas"
"53",5.07788983429782,"theta","dichotomius_satanas"
"54",5.89908775547519,"theta","dichotomius_satanas"
"55",5.81558546074666,"theta","dichotomius_satanas"
"56",5.25300139002502,"theta","dichotomius_satanas"
"57",5.6420314675197,"theta","dichotomius_satanas"
"58",5.07341929036193,"theta","dichotomius_satanas"
"59",5.78077542269602,"theta","dichotomius_satanas"
"60",4.60565009876154,"theta","dichotomius_satanas"
"61",5.01000950019807,"theta","dichotomius_satanas"
"62",4.49130680086091,"theta","dichotomius_satanas"
"63",4.68813645560294,"theta","dichotomius_satanas"
"64",5.85292504890822,"theta","dichotomius_satanas"
"65",5.43786476040259,"theta","dichotomius_satanas"
"66",5.94198859552853,"theta","dichotomius_satanas"
"67",5.80883254669607,"theta","dichotomius_satanas"
"68",5.8534186091274,"theta","dichotomius_satanas"
"69",4.93989798380062,"theta","dichotomius_satanas"
"70",4.86119368602522,"theta","dichotomius_satanas"
"71",5.16056682355702,"theta","dichotomius_satanas"
"72",5.91104438551702,"theta","dichotomius_satanas"
"73",5.3030733789783,"theta","dichotomius_satanas"
"74",5.78085078997537,"theta","dichotomius_satanas"
"75",4.26935827732086,"theta","dichotomius_satanas"
"76",5.70348935108632,"theta","dichotomius_satanas"
"77",5.410289140651,"theta","dichotomius_satanas"
"78",5.7765891707968,"theta","dichotomius_satanas"
"79",5.85012843622826,"theta","dichotomius_satanas"
"80",5.52284438651986,"theta","dichotomius_satanas"
"81",5.80574922054075,"theta","dichotomius_satanas"
"82",4.53449033340439,"theta","dichotomius_satanas"
"83",4.5653529514093,"theta","dichotomius_satanas"
"84",5.48326041339897,"theta","dichotomius_satanas"
"85",5.7710285615176,"theta","dichotomius_satanas"
"86",5.87517414963804,"theta","dichotomius_satanas"
"87",5.71537346020341,"theta","dichotomius_satanas"
"88",5.30303896428086,"theta","dichotomius_satanas"
"89",5.95706651126966,"theta","dichotomius_satanas"
"90",5.67422366491519,"theta","dichotomius_satanas"
"91",4.73350717592984,"theta","dichotomius_satanas"
"92",4.09967740788125,"theta","dichotomius_satanas"
"93",5.74544701748528,"theta","dichotomius_satanas"
"94",5.77336995536461,"theta","dichotomius_satanas"
"95",4.7688777979929,"theta","dichotomius_satanas"
"96",5.58844618406147,"theta","dichotomius_satanas"
"97",5.28740188013762,"theta","dichotomius_satanas"
"98",5.36076011275873,"theta","dichotomius_satanas"
"99",5.33984321425669,"theta","dichotomius_satanas"
"100",5.67524834908545,"theta","dichotomius_satanas"
"101",0.331386737758294,"r","dichotomius_satanas"
"102",0.0545445533934981,"r","dichotomius_satanas"
"103",0.0242053919937462,"r","dichotomius_satanas"
"104",0.0618706692475826,"r","dichotomius_satanas"
"105",0.443757833214477,"r","dichotomius_satanas"
"106",0.160015652887523,"r","dichotomius_satanas"
"107",0.0637415489181876,"r","dichotomius_satanas"
"108",0.0510546320583671,"r","dichotomius_satanas"
"109",0.272054635919631,"r","dichotomius_satanas"
"110",0.144745537079871,"r","dichotomius_satanas"
"111",0.00559750362299383,"r","dichotomius_satanas"
"112",0.190409205155447,"r","dichotomius_satanas"
"113",0.0343508119694889,"r","dichotomius_satanas"
"114",0.142793907318264,"r","dichotomius_satanas"
"115",0.152169892797247,"r","dichotomius_satanas"
"116",0.0879081434104592,"r","dichotomius_satanas"
"117",0.0284403543919325,"r","dichotomius_satanas"
"118",0.0797184479888529,"r","dichotomius_satanas"
"119",0.249758703634143,"r","dichotomius_satanas"
"120",0.510308775585145,"r","dichotomius_satanas"
"121",0.0524806212633848,"r","dichotomius_satanas"
"122",0.0646662679500878,"r","dichotomius_satanas"
"123",0.264219525037333,"r","dichotomius_satanas"
"124",0.0317651613149792,"r","dichotomius_satanas"
"125",0.0683578748721629,"r","dichotomius_satanas"
"126",0.148731100605801,"r","dichotomius_satanas"
"127",0.116413676412776,"r","dichotomius_satanas"
"128",0.191723911324516,"r","dichotomius_satanas"
"129",0.222701972816139,"r","dichotomius_satanas"
"130",0.126655526226386,"r","dichotomius_satanas"
"131",0.0620894075836986,"r","dichotomius_satanas"
"132",0.335526601411402,"r","dichotomius_satanas"
"133",0.0780590404756367,"r","dichotomius_satanas"
"134",0.493017016677186,"r","dichotomius_satanas"
"135",0.570490803569555,"r","dichotomius_satanas"
"136",0.139395436970517,"r","dichotomius_satanas"
"137",0.268358392873779,"r","dichotomius_satanas"
"138",0.391129629453644,"r","dichotomius_satanas"
"139",0.701234738342464,"r","dichotomius_satanas"
"140",0.147317060036585,"r","dichotomius_satanas"
"141",0.151858682045713,"r","dichotomius_satanas"
"142",0.335686347447336,"r","dichotomius_satanas"
"143",0.00895438948646188,"r","dichotomius_satanas"
"144",0.394864234607667,"r","dichotomius_satanas"
"145",0.219049077481031,"r","dichotomius_satanas"
"146",0.00642675929702818,"r","dichotomius_satanas"
"147",0.307834782637656,"r","dichotomius_satanas"
"148",0.110462096054107,"r","dichotomius_satanas"
"149",0.132806564681232,"r","dichotomius_satanas"
"150",0.2601134381257,"r","dichotomius_satanas"
"151",0.194789557252079,"r","dichotomius_satanas"
"152",0.227886669104919,"r","dichotomius_satanas"
"153",0.00620002089999616,"r","dichotomius_satanas"
"154",0.187594652408734,"r","dichotomius_satanas"
"155",0.264383846428245,"r","dichotomius_satanas"
"156",0.137187086278573,"r","dichotomius_satanas"
"157",0.0447625764645636,"r","dichotomius_satanas"
"158",0.0161899472586811,"r","dichotomius_satanas"
"159",0.111915240064263,"r","dichotomius_satanas"
"160",0.0135174714960158,"r","dichotomius_satanas"
"161",0.0819526503328234,"r","dichotomius_satanas"
"162",0.0181416671257466,"r","dichotomius_satanas"
"163",0.110962218837813,"r","dichotomius_satanas"
"164",0.200317536480725,"r","dichotomius_satanas"
"165",0.193001199513674,"r","dichotomius_satanas"
"166",0.233217311557382,"r","dichotomius_satanas"
"167",0.364960940554738,"r","dichotomius_satanas"
"168",0.0383569828700274,"r","dichotomius_satanas"
"169",0.032994372304529,"r","dichotomius_satanas"
"170",0.344833187758923,"r","dichotomius_satanas"
"171",0.192654602462426,"r","dichotomius_satanas"
"172",0.0789456770289689,"r","dichotomius_satanas"
"173",0.135995643679053,"r","dichotomius_satanas"
"174",0.150529319886118,"r","dichotomius_satanas"
"175",0.090854438720271,"r","dichotomius_satanas"
"176",0.0860427021980286,"r","dichotomius_satanas"
"177",0.0773855554871261,"r","dichotomius_satanas"
"178",0.334597687004134,"r","dichotomius_satanas"
"179",0.285174793563783,"r","dichotomius_satanas"
"180",0.203236844856292,"r","dichotomius_satanas"
"181",0.0710628943052143,"r","dichotomius_satanas"
"182",0.070833777775988,"r","dichotomius_satanas"
"183",0.23121653473936,"r","dichotomius_satanas"
"184",0.372285208199173,"r","dichotomius_satanas"
"185",0.189928315579891,"r","dichotomius_satanas"
"186",0.0118366992101073,"r","dichotomius_satanas"
"187",0.318930850131437,"r","dichotomius_satanas"
"188",0.0292956593912095,"r","dichotomius_satanas"
"189",0.359406259143725,"r","dichotomius_satanas"
"190",0.23300989321433,"r","dichotomius_satanas"
"191",0.128865253878757,"r","dichotomius_satanas"
"192",0.0500614615157247,"r","dichotomius_satanas"
"193",0.175134288379923,"r","dichotomius_satanas"
"194",0.261071866378188,"r","dichotomius_satanas"
"195",0.165679323021322,"r","dichotomius_satanas"
"196",0.32074267254211,"r","dichotomius_satanas"
"197",0.184838489396498,"r","dichotomius_satanas"
"198",0.433963160729036,"r","dichotomius_satanas"
"199",0.00871473201550543,"r","dichotomius_satanas"
"200",0.612067437265068,"r","dichotomius_satanas"
"201",5.823572805617,"theta","deltochilum_speciocissimum"
"202",4.7552859110292,"theta","deltochilum_speciocissimum"
"203",5.59596966742538,"theta","deltochilum_speciocissimum"
"204",5.20426975470036,"theta","deltochilum_speciocissimum"
"205",5.21331068268046,"theta","deltochilum_speciocissimum"
"206",5.55833197571337,"theta","deltochilum_speciocissimum"
"207",5.5967768074479,"theta","deltochilum_speciocissimum"
"208",5.6233567642048,"theta","deltochilum_speciocissimum"
"209",5.84668106888421,"theta","deltochilum_speciocissimum"
"210",5.65390120167285,"theta","deltochilum_speciocissimum"
"211",5.39305184409022,"theta","deltochilum_speciocissimum"
"212",5.67901189345866,"theta","deltochilum_speciocissimum"
"213",5.0459667716641,"theta","deltochilum_speciocissimum"
"214",4.69542509666644,"theta","deltochilum_speciocissimum"
"215",5.88875506212935,"theta","deltochilum_speciocissimum"
"216",5.09770711907186,"theta","deltochilum_speciocissimum"
"217",5.93833508924581,"theta","deltochilum_speciocissimum"
"218",5.08555784146301,"theta","deltochilum_speciocissimum"
"219",5.42958899307996,"theta","deltochilum_speciocissimum"
"220",5.47862323489971,"theta","deltochilum_speciocissimum"
"221",5.96744443546049,"theta","deltochilum_speciocissimum"
"222",5.96007742010988,"theta","deltochilum_speciocissimum"
"223",3.59718970279209,"theta","deltochilum_speciocissimum"
"224",4.9747558592353,"theta","deltochilum_speciocissimum"
"225",5.5538463012781,"theta","deltochilum_speciocissimum"
"226",3.65039428253658,"theta","deltochilum_speciocissimum"
"227",5.26547056878917,"theta","deltochilum_speciocissimum"
"228",5.48641190072522,"theta","deltochilum_speciocissimum"
"229",4.16974172717892,"theta","deltochilum_speciocissimum"
"230",5.70948477159254,"theta","deltochilum_speciocissimum"
"231",4.7093324563466,"theta","deltochilum_speciocissimum"
"232",4.45754379057325,"theta","deltochilum_speciocissimum"
"233",5.82342449831776,"theta","deltochilum_speciocissimum"
"234",5.44186637410894,"theta","deltochilum_speciocissimum"
"235",5.46044534444809,"theta","deltochilum_speciocissimum"
"236",5.38769645290449,"theta","deltochilum_speciocissimum"
"237",3.86530348123051,"theta","deltochilum_speciocissimum"
"238",5.78908263612539,"theta","deltochilum_speciocissimum"
"239",5.46496496791951,"theta","deltochilum_speciocissimum"
"240",5.56063322140835,"theta","deltochilum_speciocissimum"
"241",5.24613241339102,"theta","deltochilum_speciocissimum"
"242",4.95188399474137,"theta","deltochilum_speciocissimum"
"243",5.77552697411738,"theta","deltochilum_speciocissimum"
"244",5.85651185968891,"theta","deltochilum_speciocissimum"
"245",5.55958317616023,"theta","deltochilum_speciocissimum"
"246",5.92832971038297,"theta","deltochilum_speciocissimum"
"247",5.89104077918455,"theta","deltochilum_speciocissimum"
"248",5.8751101247035,"theta","deltochilum_speciocissimum"
"249",5.70896104699932,"theta","deltochilum_speciocissimum"
"250",5.19016452739015,"theta","deltochilum_speciocissimum"
"251",5.58819351741113,"theta","deltochilum_speciocissimum"
"252",5.96826136135496,"theta","deltochilum_speciocissimum"
"253",5.87079864717089,"theta","deltochilum_speciocissimum"
"254",4.93248016247526,"theta","deltochilum_speciocissimum"
"255",5.93549202568829,"theta","deltochilum_speciocissimum"
"256",5.42638430045918,"theta","deltochilum_speciocissimum"
"257",5.39837459125556,"theta","deltochilum_speciocissimum"
"258",4.88338419492356,"theta","deltochilum_speciocissimum"
"259",3.85468659829348,"theta","deltochilum_speciocissimum"
"260",5.97103531262837,"theta","deltochilum_speciocissimum"
"261",5.90906508988701,"theta","deltochilum_speciocissimum"
"262",5.03992521692999,"theta","deltochilum_speciocissimum"
"263",5.71826183027588,"theta","deltochilum_speciocissimum"
"264",5.45975884096697,"theta","deltochilum_speciocissimum"
"265",5.66444396763109,"theta","deltochilum_speciocissimum"
"266",5.1851480549667,"theta","deltochilum_speciocissimum"
"267",4.8744400581345,"theta","deltochilum_speciocissimum"
"268",5.74100969033316,"theta","deltochilum_speciocissimum"
"269",5.19353194185533,"theta","deltochilum_speciocissimum"
"270",5.70979653531685,"theta","deltochilum_speciocissimum"
"271",5.56465170835145,"theta","deltochilum_speciocissimum"
"272",5.70514318090864,"theta","deltochilum_speciocissimum"
"273",5.30101328063756,"theta","deltochilum_speciocissimum"
"274",5.14278921904042,"theta","deltochilum_speciocissimum"
"275",5.93753032526001,"theta","deltochilum_speciocissimum"
"276",4.98335931124166,"theta","deltochilum_speciocissimum"
"277",5.34198989416473,"theta","deltochilum_speciocissimum"
"278",5.27756924065761,"theta","deltochilum_speciocissimum"
"279",4.57486188993789,"theta","deltochilum_speciocissimum"
"280",4.95489645190537,"theta","deltochilum_speciocissimum"
"281",5.90590602857992,"theta","deltochilum_speciocissimum"
"282",5.49925298104063,"theta","deltochilum_speciocissimum"
"283",5.83010049443692,"theta","deltochilum_speciocissimum"
"284",5.41190895391628,"theta","deltochilum_speciocissimum"
"285",5.83458966598846,"theta","deltochilum_speciocissimum"
"286",5.554041166557,"theta","deltochilum_speciocissimum"
"287",4.80551626207307,"theta","deltochilum_speciocissimum"
"288",5.38444665283896,"theta","deltochilum_speciocissimum"
"289",5.89825052442029,"theta","deltochilum_speciocissimum"
"290",5.59382484667003,"theta","deltochilum_speciocissimum"
"291",5.11688266322017,"theta","deltochilum_speciocissimum"
"292",4.59035872039385,"theta","deltochilum_speciocissimum"
"293",5.50954126776196,"theta","deltochilum_speciocissimum"
"294",5.76731047150679,"theta","deltochilum_speciocissimum"
"295",5.84922960284166,"theta","deltochilum_speciocissimum"
"296",4.25475658173673,"theta","deltochilum_speciocissimum"
"297",5.49378969031386,"theta","deltochilum_speciocissimum"
"298",5.99308508005925,"theta","deltochilum_speciocissimum"
"299",5.17447572690435,"theta","deltochilum_speciocissimum"
"300",5.76099813589826,"theta","deltochilum_speciocissimum"
"301",0.0794217817019671,"r","deltochilum_speciocissimum"
"302",0.165385276544839,"r","deltochilum_speciocissimum"
"303",0.533003995660692,"r","deltochilum_speciocissimum"
"304",0.332072959281504,"r","deltochilum_speciocissimum"
"305",0.0751599590294063,"r","deltochilum_speciocissimum"
"306",0.221338972914964,"r","deltochilum_speciocissimum"
"307",0.0461913959588856,"r","deltochilum_speciocissimum"
"308",0.241578582674265,"r","deltochilum_speciocissimum"
"309",0.0604757892433554,"r","deltochilum_speciocissimum"
"310",0.199215695029125,"r","deltochilum_speciocissimum"
"311",0.340873867738992,"r","deltochilum_speciocissimum"
"312",0.883990440284833,"r","deltochilum_speciocissimum"
"313",0.202349272556603,"r","deltochilum_speciocissimum"
"314",0.457017043605447,"r","deltochilum_speciocissimum"
"315",0.453269661637023,"r","deltochilum_speciocissimum"
"316",0.300035018241033,"r","deltochilum_speciocissimum"
"317",0.520584760699421,"r","deltochilum_speciocissimum"
"318",0.35240633552894,"r","deltochilum_speciocissimum"
"319",0.258538918569684,"r","deltochilum_speciocissimum"
"320",0.591105449944735,"r","deltochilum_speciocissimum"
"321",0.224557708483189,"r","deltochilum_speciocissimum"
"322",0.166217520134524,"r","deltochilum_speciocissimum"
"323",0.116534121101722,"r","deltochilum_speciocissimum"
"324",0.1988515118137,"r","deltochilum_speciocissimum"
"325",0.445888923015445,"r","deltochilum_speciocissimum"
"326",0.0225768680684268,"r","deltochilum_speciocissimum"
"327",0.123913572635502,"r","deltochilum_speciocissimum"
"328",0.0572463234420866,"r","deltochilum_speciocissimum"
"329",0.138388499384746,"r","deltochilum_speciocissimum"
"330",0.308418311644346,"r","deltochilum_speciocissimum"
"331",0.342460917076096,"r","deltochilum_speciocissimum"
"332",0.026680527953431,"r","deltochilum_speciocissimum"
"333",0.216837541200221,"r","deltochilum_speciocissimum"
"334",0.779966492205858,"r","deltochilum_speciocissimum"
"335",0.205890730721876,"r","deltochilum_speciocissimum"
"336",0.0835757232271135,"r","deltochilum_speciocissimum"
"337",0.35613306495361,"r","deltochilum_speciocissimum"
"338",0.346251927549019,"r","deltochilum_speciocissimum"
"339",0.492702385177836,"r","deltochilum_speciocissimum"
"340",0.39438516064547,"r","deltochilum_speciocissimum"
"341",0.235038656275719,"r","deltochilum_speciocissimum"
"342",0.104446667945012,"r","deltochilum_speciocissimum"
"343",0.39757938310504,"r","deltochilum_speciocissimum"
"344",0.0117425732314587,"r","deltochilum_speciocissimum"
"345",0.159357159398496,"r","deltochilum_speciocissimum"
"346",0.606148862047121,"r","deltochilum_speciocissimum"
"347",0.171921488596126,"r","deltochilum_speciocissimum"
"348",0.745447320863605,"r","deltochilum_speciocissimum"
"349",0.613713289611042,"r","deltochilum_speciocissimum"
"350",0.860076925484464,"r","deltochilum_speciocissimum"
"351",0.209857835667208,"r","deltochilum_speciocissimum"
"352",0.0576780121773481,"r","deltochilum_speciocissimum"
"353",0.277257947484031,"r","deltochilum_speciocissimum"
"354",0.0811000738758594,"r","deltochilum_speciocissimum"
"355",0.510995938442647,"r","deltochilum_speciocissimum"
"356",0.11519778217189,"r","deltochilum_speciocissimum"
"357",0.40332213556394,"r","deltochilum_speciocissimum"
"358",0.0141304326243699,"r","deltochilum_speciocissimum"
"359",0.134216642472893,"r","deltochilum_speciocissimum"
"360",0.662889948347583,"r","deltochilum_speciocissimum"
"361",0.037388559198007,"r","deltochilum_speciocissimum"
"362",0.210114331217483,"r","deltochilum_speciocissimum"
"363",0.353990795090795,"r","deltochilum_speciocissimum"
"364",0.423836312722415,"r","deltochilum_speciocissimum"
"365",0.316334910225123,"r","deltochilum_speciocissimum"
"366",0.270280393771827,"r","deltochilum_speciocissimum"
"367",0.0881768504623324,"r","deltochilum_speciocissimum"
"368",0.646819495595992,"r","deltochilum_speciocissimum"
"369",0.401000089244917,"r","deltochilum_speciocissimum"
"370",0.150248834863305,"r","deltochilum_speciocissimum"
"371",0.175205531297252,"r","deltochilum_speciocissimum"
"372",0.474242183379829,"r","deltochilum_speciocissimum"
"373",0.0375847357790917,"r","deltochilum_speciocissimum"
"374",0.163586545968428,"r","deltochilum_speciocissimum"
"375",0.157777636079118,"r","deltochilum_speciocissimum"
"376",0.292912532109767,"r","deltochilum_speciocissimum"
"377",0.686084812739864,"r","deltochilum_speciocissimum"
"378",0.0162858879193664,"r","deltochilum_speciocissimum"
"379",0.783810409717262,"r","deltochilum_speciocissimum"
"380",0.0544438518118113,"r","deltochilum_speciocissimum"
"381",0.520364186260849,"r","deltochilum_speciocissimum"
"382",0.104224410606548,"r","deltochilum_speciocissimum"
"383",0.530533440643921,"r","deltochilum_speciocissimum"
"384",0.107964156661183,"r","deltochilum_speciocissimum"
"385",0.38634564448148,"r","deltochilum_speciocissimum"
"386",0.00259560602717102,"r","deltochilum_speciocissimum"
"387",0.0130898896604776,"r","deltochilum_speciocissimum"
"388",0.142354359384626,"r","deltochilum_speciocissimum"
"389",0.337743149371818,"r","deltochilum_speciocissimum"
"390",0.174569165334105,"r","deltochilum_speciocissimum"
"391",0.440619118278846,"r","deltochilum_speciocissimum"
"392",0.0848795855417848,"r","deltochilum_speciocissimum"
"393",0.00979176419787109,"r","deltochilum_speciocissimum"
"394",0.183654536493123,"r","deltochilum_speciocissimum"
"395",0.815686576068401,"r","deltochilum_speciocissimum"
"396",0.379142500227317,"r","deltochilum_speciocissimum"
"397",0.371399030322209,"r","deltochilum_speciocissimum"
"398",0.653601805213839,"r","deltochilum_speciocissimum"
"399",0.721868119202554,"r","deltochilum_speciocissimum"
"400",0.895816124742851,"r","deltochilum_speciocissimum"
"401",5.77367446292192,"theta","deltochilum_tesselatum"
"402",5.50775350676849,"theta","deltochilum_tesselatum"
"403",5.81574939680286,"theta","deltochilum_tesselatum"
"404",5.53588318312541,"theta","deltochilum_tesselatum"
"405",5.45580211118795,"theta","deltochilum_tesselatum"
"406",5.57026563002728,"theta","deltochilum_tesselatum"
"407",5.04520956217311,"theta","deltochilum_tesselatum"
"408",5.53288505552337,"theta","deltochilum_tesselatum"
"409",5.61008841986768,"theta","deltochilum_tesselatum"
"410",5.40620083478279,"theta","deltochilum_tesselatum"
"411",5.48074611951597,"theta","deltochilum_tesselatum"
"412",5.79452990693972,"theta","deltochilum_tesselatum"
"413",5.6268309885636,"theta","deltochilum_tesselatum"
"414",5.10738832899369,"theta","deltochilum_tesselatum"
"415",5.84271734021604,"theta","deltochilum_tesselatum"
"416",5.80116626480594,"theta","deltochilum_tesselatum"
"417",5.44756701006554,"theta","deltochilum_tesselatum"
"418",5.65116356499493,"theta","deltochilum_tesselatum"
"419",5.40072019235231,"theta","deltochilum_tesselatum"
"420",5.92270019603893,"theta","deltochilum_tesselatum"
"421",5.59373794379644,"theta","deltochilum_tesselatum"
"422",5.91799634881318,"theta","deltochilum_tesselatum"
"423",5.9162216624245,"theta","deltochilum_tesselatum"
"424",5.77010312140919,"theta","deltochilum_tesselatum"
"425",5.69599884236231,"theta","deltochilum_tesselatum"
"426",5.51016061240807,"theta","deltochilum_tesselatum"
"427",5.90900721983053,"theta","deltochilum_tesselatum"
"428",5.88408895675093,"theta","deltochilum_tesselatum"
"429",5.96378884417936,"theta","deltochilum_tesselatum"
"430",5.60991988307796,"theta","deltochilum_tesselatum"
"431",5.4209284929093,"theta","deltochilum_tesselatum"
"432",5.75125486031175,"theta","deltochilum_tesselatum"
"433",4.89835049281828,"theta","deltochilum_tesselatum"
"434",5.73575755953789,"theta","deltochilum_tesselatum"
"435",5.65494227944873,"theta","deltochilum_tesselatum"
"436",5.22059892793186,"theta","deltochilum_tesselatum"
"437",5.92657495778985,"theta","deltochilum_tesselatum"
"438",4.64734177477658,"theta","deltochilum_tesselatum"
"439",5.45522006135434,"theta","deltochilum_tesselatum"
"440",5.86692220089026,"theta","deltochilum_tesselatum"
"441",5.2502579826396,"theta","deltochilum_tesselatum"
"442",5.59459115285426,"theta","deltochilum_tesselatum"
"443",4.81873618811369,"theta","deltochilum_tesselatum"
"444",4.37383938254789,"theta","deltochilum_tesselatum"
"445",5.81771907652728,"theta","deltochilum_tesselatum"
"446",5.27806384046562,"theta","deltochilum_tesselatum"
"447",5.96684196172282,"theta","deltochilum_tesselatum"
"448",5.5941547525581,"theta","deltochilum_tesselatum"
"449",5.57441654521972,"theta","deltochilum_tesselatum"
"450",4.99866205756553,"theta","deltochilum_tesselatum"
"451",4.62621195032261,"theta","deltochilum_tesselatum"
"452",5.64887998648919,"theta","deltochilum_tesselatum"
"453",5.52325058286078,"theta","deltochilum_tesselatum"
"454",5.39784618094563,"theta","deltochilum_tesselatum"
"455",5.98756657121703,"theta","deltochilum_tesselatum"
"456",5.2150422767736,"theta","deltochilum_tesselatum"
"457",5.8098769178614,"theta","deltochilum_tesselatum"
"458",5.70817382680252,"theta","deltochilum_tesselatum"
"459",5.76826683036052,"theta","deltochilum_tesselatum"
"460",4.80500041646883,"theta","deltochilum_tesselatum"
"461",5.71639768453315,"theta","deltochilum_tesselatum"
"462",5.36733019654639,"theta","deltochilum_tesselatum"
"463",5.30950576905161,"theta","deltochilum_tesselatum"
"464",5.66099821031094,"theta","deltochilum_tesselatum"
"465",5.58133011707105,"theta","deltochilum_tesselatum"
"466",5.67773358337581,"theta","deltochilum_tesselatum"
"467",5.33560515055433,"theta","deltochilum_tesselatum"
"468",5.43472359329462,"theta","deltochilum_tesselatum"
"469",5.48169954237528,"theta","deltochilum_tesselatum"
"470",5.23801603144966,"theta","deltochilum_tesselatum"
"471",5.53688967972994,"theta","deltochilum_tesselatum"
"472",5.89943788154051,"theta","deltochilum_tesselatum"
"473",5.95744441170245,"theta","deltochilum_tesselatum"
"474",5.86667217453942,"theta","deltochilum_tesselatum"
"475",5.79105485137552,"theta","deltochilum_tesselatum"
"476",5.30405495571904,"theta","deltochilum_tesselatum"
"477",5.79443073272705,"theta","deltochilum_tesselatum"
"478",5.61634610081092,"theta","deltochilum_tesselatum"
"479",5.16580620454624,"theta","deltochilum_tesselatum"
"480",4.96051644464023,"theta","deltochilum_tesselatum"
"481",5.62290840223432,"theta","deltochilum_tesselatum"
"482",5.85924755921587,"theta","deltochilum_tesselatum"
"483",5.95395303238183,"theta","deltochilum_tesselatum"
"484",5.77613409748301,"theta","deltochilum_tesselatum"
"485",5.39799226704054,"theta","deltochilum_tesselatum"
"486",5.94530052179471,"theta","deltochilum_tesselatum"
"487",4.78439548658207,"theta","deltochilum_tesselatum"
"488",5.05001245206222,"theta","deltochilum_tesselatum"
"489",5.32805084972642,"theta","deltochilum_tesselatum"
"490",5.76254867389798,"theta","deltochilum_tesselatum"
"491",5.81518501066603,"theta","deltochilum_tesselatum"
"492",5.4697279680986,"theta","deltochilum_tesselatum"
"493",5.44874687236734,"theta","deltochilum_tesselatum"
"494",5.86680709989741,"theta","deltochilum_tesselatum"
"495",5.6569850819651,"theta","deltochilum_tesselatum"
"496",5.67677551787347,"theta","deltochilum_tesselatum"
"497",5.24738759640604,"theta","deltochilum_tesselatum"
"498",5.96163682080805,"theta","deltochilum_tesselatum"
"499",5.74552667117678,"theta","deltochilum_tesselatum"
"500",5.45505276904441,"theta","deltochilum_tesselatum"
"501",0.242045930353925,"r","deltochilum_tesselatum"
"502",0.10993530950509,"r","deltochilum_tesselatum"
"503",0.388767764437944,"r","deltochilum_tesselatum"
"504",0.243655247148126,"r","deltochilum_tesselatum"
"505",0.257351998006925,"r","deltochilum_tesselatum"
"506",0.0239863088354468,"r","deltochilum_tesselatum"
"507",0.0724649911280721,"r","deltochilum_tesselatum"
"508",0.0202678756322712,"r","deltochilum_tesselatum"
"509",0.221169940661639,"r","deltochilum_tesselatum"
"510",0.183325949590653,"r","deltochilum_tesselatum"
"511",0.156373978825286,"r","deltochilum_tesselatum"
"512",0.169027762487531,"r","deltochilum_tesselatum"
"513",0.349959476385266,"r","deltochilum_tesselatum"
"514",0.155042526777834,"r","deltochilum_tesselatum"
"515",0.418989355443045,"r","deltochilum_tesselatum"
"516",0.154147498775274,"r","deltochilum_tesselatum"
"517",0.168111365055665,"r","deltochilum_tesselatum"
"518",0.254617480095476,"r","deltochilum_tesselatum"
"519",0.0379207965452224,"r","deltochilum_tesselatum"
"520",0.135389863280579,"r","deltochilum_tesselatum"
"521",0.160284711746499,"r","deltochilum_tesselatum"
"522",0.237298496533185,"r","deltochilum_tesselatum"
"523",0.064289107453078,"r","deltochilum_tesselatum"
"524",0.223229370079935,"r","deltochilum_tesselatum"
"525",0.203743359306827,"r","deltochilum_tesselatum"
"526",0.041869682027027,"r","deltochilum_tesselatum"
"527",0.0713320497889072,"r","deltochilum_tesselatum"
"528",0.316713349195197,"r","deltochilum_tesselatum"
"529",0.121385954786092,"r","deltochilum_tesselatum"
"530",0.0574061672668904,"r","deltochilum_tesselatum"
"531",0.157579403137788,"r","deltochilum_tesselatum"
"532",0.535302103497088,"r","deltochilum_tesselatum"
"533",0.0454160019289702,"r","deltochilum_tesselatum"
"534",0.0326603543944657,"r","deltochilum_tesselatum"
"535",0.212174640037119,"r","deltochilum_tesselatum"
"536",0.172893308335915,"r","deltochilum_tesselatum"
"537",0.363865378312767,"r","deltochilum_tesselatum"
"538",0.0670400026720017,"r","deltochilum_tesselatum"
"539",0.243846009951085,"r","deltochilum_tesselatum"
"540",0.250635838601738,"r","deltochilum_tesselatum"
"541",0.448746958747506,"r","deltochilum_tesselatum"
"542",0.347882070112973,"r","deltochilum_tesselatum"
"543",0.168582806829363,"r","deltochilum_tesselatum"
"544",0.0477363567333668,"r","deltochilum_tesselatum"
"545",0.0878211460076272,"r","deltochilum_tesselatum"
"546",0.0566689248662442,"r","deltochilum_tesselatum"
"547",0.275515863671899,"r","deltochilum_tesselatum"
"548",0.0565911843441427,"r","deltochilum_tesselatum"
"549",0.0757016530260444,"r","deltochilum_tesselatum"
"550",0.02436329331249,"r","deltochilum_tesselatum"
"551",0.0668690092861652,"r","deltochilum_tesselatum"
"552",0.251674100756645,"r","deltochilum_tesselatum"
"553",0.0901639419607818,"r","deltochilum_tesselatum"
"554",0.132010045927018,"r","deltochilum_tesselatum"
"555",0.248132911743596,"r","deltochilum_tesselatum"
"556",0.0459597243461758,"r","deltochilum_tesselatum"
"557",0.178844686364755,"r","deltochilum_tesselatum"
"558",0.0426013828255236,"r","deltochilum_tesselatum"
"559",0.00899915862828493,"r","deltochilum_tesselatum"
"560",0.0542884706519544,"r","deltochilum_tesselatum"
"561",0.152988332090899,"r","deltochilum_tesselatum"
"562",0.120340942405164,"r","deltochilum_tesselatum"
"563",0.207229915307835,"r","deltochilum_tesselatum"
"564",0.0296762890648097,"r","deltochilum_tesselatum"
"565",0.140565643087029,"r","deltochilum_tesselatum"
"566",0.0911457266192883,"r","deltochilum_tesselatum"
"567",0.402999930316582,"r","deltochilum_tesselatum"
"568",0.472543987678364,"r","deltochilum_tesselatum"
"569",0.243260998046026,"r","deltochilum_tesselatum"
"570",0.0115005951374769,"r","deltochilum_tesselatum"
"571",0.067372215911746,"r","deltochilum_tesselatum"
"572",0.131759653799236,"r","deltochilum_tesselatum"
"573",0.381384054198861,"r","deltochilum_tesselatum"
"574",0.343916092533618,"r","deltochilum_tesselatum"
"575",0.0110647904220968,"r","deltochilum_tesselatum"
"576",0.305909432703629,"r","deltochilum_tesselatum"
"577",0.598779622698203,"r","deltochilum_tesselatum"
"578",0.150484743295237,"r","deltochilum_tesselatum"
"579",0.0322109961416572,"r","deltochilum_tesselatum"
"580",0.307306698290631,"r","deltochilum_tesselatum"
"581",0.155036189360544,"r","deltochilum_tesselatum"
"582",0.217717558145523,"r","deltochilum_tesselatum"
"583",0.618747216882184,"r","deltochilum_tesselatum"
"584",0.248415363952518,"r","deltochilum_tesselatum"
"585",0.0911234200466424,"r","deltochilum_tesselatum"
"586",0.870416587218642,"r","deltochilum_tesselatum"
"587",0.107594843488187,"r","deltochilum_tesselatum"
"588",0.0396821603644639,"r","deltochilum_tesselatum"
"589",0.172495305538177,"r","deltochilum_tesselatum"
"590",0.108529168879613,"r","deltochilum_tesselatum"
"591",0.100950794992968,"r","deltochilum_tesselatum"
"592",0.114313096972182,"r","deltochilum_tesselatum"
"593",0.0915910743642598,"r","deltochilum_tesselatum"
"594",0.000391996465623379,"r","deltochilum_tesselatum"
"595",0.293490640353411,"r","deltochilum_tesselatum"
"596",0.183571275323629,"r","deltochilum_tesselatum"
"597",0.0265292832627892,"r","deltochilum_tesselatum"
"598",0.144000288564712,"r","deltochilum_tesselatum"
"599",0.0908605309668928,"r","deltochilum_tesselatum"
"600",0.213522835634649,"r","deltochilum_tesselatum"
"601",4.87987746158615,"theta","dichotomius_podalirius"
"602",5.47901208652183,"theta","dichotomius_podalirius"
"603",5.26764082629234,"theta","dichotomius_podalirius"
"604",5.48165454668924,"theta","dichotomius_podalirius"
"605",4.99332735687494,"theta","dichotomius_podalirius"
"606",5.82693806756288,"theta","dichotomius_podalirius"
"607",5.70408366527408,"theta","dichotomius_podalirius"
"608",5.19896786450408,"theta","dichotomius_podalirius"
"609",4.38004993856885,"theta","dichotomius_podalirius"
"610",5.58260304061696,"theta","dichotomius_podalirius"
"611",5.7783069149591,"theta","dichotomius_podalirius"
"612",5.95527590508573,"theta","dichotomius_podalirius"
"613",5.81838778126985,"theta","dichotomius_podalirius"
"614",5.60928553715348,"theta","dichotomius_podalirius"
"615",4.97440287517384,"theta","dichotomius_podalirius"
"616",5.93468685075641,"theta","dichotomius_podalirius"
"617",5.37048401101492,"theta","dichotomius_podalirius"
"618",5.83591196709312,"theta","dichotomius_podalirius"
"619",5.46933999075554,"theta","dichotomius_podalirius"
"620",5.19533914071508,"theta","dichotomius_podalirius"
"621",5.78480617050081,"theta","dichotomius_podalirius"
"622",5.4445166666992,"theta","dichotomius_podalirius"
"623",5.78809813852422,"theta","dichotomius_podalirius"
"624",5.45870706229471,"theta","dichotomius_podalirius"
"625",5.61856798850931,"theta","dichotomius_podalirius"
"626",5.25315152737312,"theta","dichotomius_podalirius"
"627",5.77827732916921,"theta","dichotomius_podalirius"
"628",5.40620940527879,"theta","dichotomius_podalirius"
"629",5.31015910464339,"theta","dichotomius_podalirius"
"630",5.99583653640002,"theta","dichotomius_podalirius"
"631",5.56116036511958,"theta","dichotomius_podalirius"
"632",5.63794126641005,"theta","dichotomius_podalirius"
"633",5.22970499144867,"theta","dichotomius_podalirius"
"634",5.72375958925113,"theta","dichotomius_podalirius"
"635",5.29238535580225,"theta","dichotomius_podalirius"
"636",5.87106441170909,"theta","dichotomius_podalirius"
"637",5.39685989287682,"theta","dichotomius_podalirius"
"638",5.6210706140846,"theta","dichotomius_podalirius"
"639",5.67849846580066,"theta","dichotomius_podalirius"
"640",5.80776456999592,"theta","dichotomius_podalirius"
"641",5.8887331248261,"theta","dichotomius_podalirius"
"642",5.90373333101161,"theta","dichotomius_podalirius"
"643",5.2171444860287,"theta","dichotomius_podalirius"
"644",5.1495129361283,"theta","dichotomius_podalirius"
"645",5.65740070445463,"theta","dichotomius_podalirius"
"646",4.99852293427102,"theta","dichotomius_podalirius"
"647",5.19025143724866,"theta","dichotomius_podalirius"
"648",5.77479326538742,"theta","dichotomius_podalirius"
"649",5.46114895748906,"theta","dichotomius_podalirius"
"650",5.77113940287381,"theta","dichotomius_podalirius"
"651",5.55575346015394,"theta","dichotomius_podalirius"
"652",5.68380408245139,"theta","dichotomius_podalirius"
"653",5.92597425589338,"theta","dichotomius_podalirius"
"654",5.498354481766,"theta","dichotomius_podalirius"
"655",5.9751372996252,"theta","dichotomius_podalirius"
"656",5.28480261703953,"theta","dichotomius_podalirius"
"657",5.37464389251545,"theta","dichotomius_podalirius"
"658",5.4174385862425,"theta","dichotomius_podalirius"
"659",4.94896675948985,"theta","dichotomius_podalirius"
"660",5.95958704384975,"theta","dichotomius_podalirius"
"661",5.91397465462796,"theta","dichotomius_podalirius"
"662",5.92217317805625,"theta","dichotomius_podalirius"
"663",4.95871197339147,"theta","dichotomius_podalirius"
"664",5.87584286835045,"theta","dichotomius_podalirius"
"665",5.87131618545391,"theta","dichotomius_podalirius"
"666",5.7212635516189,"theta","dichotomius_podalirius"
"667",5.47312552249059,"theta","dichotomius_podalirius"
"668",5.93354883859865,"theta","dichotomius_podalirius"
"669",5.82432772405446,"theta","dichotomius_podalirius"
"670",5.37287237495184,"theta","dichotomius_podalirius"
"671",5.8906220193021,"theta","dichotomius_podalirius"
"672",5.46571983047761,"theta","dichotomius_podalirius"
"673",4.80777774727903,"theta","dichotomius_podalirius"
"674",5.26756195258349,"theta","dichotomius_podalirius"
"675",5.38818918424658,"theta","dichotomius_podalirius"
"676",5.86994108418003,"theta","dichotomius_podalirius"
"677",5.76974030258134,"theta","dichotomius_podalirius"
"678",5.97498363838531,"theta","dichotomius_podalirius"
"679",4.50240436499007,"theta","dichotomius_podalirius"
"680",5.44988878094591,"theta","dichotomius_podalirius"
"681",3.44682792574167,"theta","dichotomius_podalirius"
"682",5.73040389246307,"theta","dichotomius_podalirius"
"683",5.85138487187214,"theta","dichotomius_podalirius"
"684",5.10489611793309,"theta","dichotomius_podalirius"
"685",5.59031971171498,"theta","dichotomius_podalirius"
"686",4.84153302526101,"theta","dichotomius_podalirius"
"687",5.6807921549771,"theta","dichotomius_podalirius"
"688",5.92228664108552,"theta","dichotomius_podalirius"
"689",5.46114531368949,"theta","dichotomius_podalirius"
"690",5.40309560159221,"theta","dichotomius_podalirius"
"691",5.20652626780793,"theta","dichotomius_podalirius"
"692",5.56459941575304,"theta","dichotomius_podalirius"
"693",5.61295313900337,"theta","dichotomius_podalirius"
"694",5.9398332904093,"theta","dichotomius_podalirius"
"695",5.95578205678612,"theta","dichotomius_podalirius"
"696",5.83264701906592,"theta","dichotomius_podalirius"
"697",5.90041501936503,"theta","dichotomius_podalirius"
"698",5.7106667351909,"theta","dichotomius_podalirius"
"699",5.03993611223996,"theta","dichotomius_podalirius"
"700",5.95067067444324,"theta","dichotomius_podalirius"
"701",0.200470379553735,"r","dichotomius_podalirius"
"702",0.602414236869663,"r","dichotomius_podalirius"
"703",0.0811170011293143,"r","dichotomius_podalirius"
"704",0.484095815103501,"r","dichotomius_podalirius"
"705",0.0737397628836334,"r","dichotomius_podalirius"
"706",0.308441185858101,"r","dichotomius_podalirius"
"707",0.0216651845257729,"r","dichotomius_podalirius"
"708",0.239301235647872,"r","dichotomius_podalirius"
"709",0.135284486692399,"r","dichotomius_podalirius"
"710",0.0890826908871531,"r","dichotomius_podalirius"
"711",0.162123201182112,"r","dichotomius_podalirius"
"712",0.402027957141399,"r","dichotomius_podalirius"
"713",0.0957138494122773,"r","dichotomius_podalirius"
"714",0.128784193657339,"r","dichotomius_podalirius"
"715",0.184857588261366,"r","dichotomius_podalirius"
"716",0.211182487662882,"r","dichotomius_podalirius"
"717",0.0590837430208921,"r","dichotomius_podalirius"
"718",0.0954689979553223,"r","dichotomius_podalirius"
"719",0.663003758061677,"r","dichotomius_podalirius"
"720",0.0259731826372445,"r","dichotomius_podalirius"
"721",0.476738201919943,"r","dichotomius_podalirius"
"722",0.105553378583863,"r","dichotomius_podalirius"
"723",0.205905390903354,"r","dichotomius_podalirius"
"724",0.110756610753015,"r","dichotomius_podalirius"
"725",0.550419361563399,"r","dichotomius_podalirius"
"726",0.637255777139217,"r","dichotomius_podalirius"
"727",0.701670157490298,"r","dichotomius_podalirius"
"728",0.933236313285306,"r","dichotomius_podalirius"
"729",0.137172269169241,"r","dichotomius_podalirius"
"730",0.195003115106374,"r","dichotomius_podalirius"
"731",0.25336014572531,"r","dichotomius_podalirius"
"732",0.0201909262686968,"r","dichotomius_podalirius"
"733",0.0134590740781277,"r","dichotomius_podalirius"
"734",0.697597061516717,"r","dichotomius_podalirius"
"735",0.16884933761321,"r","dichotomius_podalirius"
"736",0.0394552000798285,"r","dichotomius_podalirius"
"737",0.576670905342326,"r","dichotomius_podalirius"
"738",0.317376390099525,"r","dichotomius_podalirius"
"739",0.316811739932746,"r","dichotomius_podalirius"
"740",0.425270594423637,"r","dichotomius_podalirius"
"741",0.951871860539541,"r","dichotomius_podalirius"
"742",0.307702266611159,"r","dichotomius_podalirius"
"743",0.119151927530766,"r","dichotomius_podalirius"
"744",0.0650559649802744,"r","dichotomius_podalirius"
"745",0.287754396907985,"r","dichotomius_podalirius"
"746",0.0738901093136519,"r","dichotomius_podalirius"
"747",0.580251494189724,"r","dichotomius_podalirius"
"748",0.347790274070576,"r","dichotomius_podalirius"
"749",0.316867810674012,"r","dichotomius_podalirius"
"750",0.474290646146983,"r","dichotomius_podalirius"
"751",0.056576298782602,"r","dichotomius_podalirius"
"752",0.563007948221639,"r","dichotomius_podalirius"
"753",0.0247618332505226,"r","dichotomius_podalirius"
"754",0.686735834460706,"r","dichotomius_podalirius"
"755",0.0422019448596984,"r","dichotomius_podalirius"
"756",0.111408963799477,"r","dichotomius_podalirius"
"757",0.258542339550331,"r","dichotomius_podalirius"
"758",0.152962197549641,"r","dichotomius_podalirius"
"759",0.0925026705954224,"r","dichotomius_podalirius"
"760",0.255745414178818,"r","dichotomius_podalirius"
"761",0.170165593968704,"r","dichotomius_podalirius"
"762",0.348631336819381,"r","dichotomius_podalirius"
"763",0.135812282795087,"r","dichotomius_podalirius"
"764",0.0530992692802101,"r","dichotomius_podalirius"
"765",0.275675979908556,"r","dichotomius_podalirius"
"766",0.141228980151936,"r","dichotomius_podalirius"
"767",0.0320385617669672,"r","dichotomius_podalirius"
"768",0.740691592684016,"r","dichotomius_podalirius"
"769",0.263522516703233,"r","dichotomius_podalirius"
"770",0.0625219515059143,"r","dichotomius_podalirius"
"771",0.537420742679387,"r","dichotomius_podalirius"
"772",0.0674869196955115,"r","dichotomius_podalirius"
"773",0.309350450523198,"r","dichotomius_podalirius"
"774",0.0880498378537595,"r","dichotomius_podalirius"
"775",0.263502624817193,"r","dichotomius_podalirius"
"776",0.199087811401114,"r","dichotomius_podalirius"
"777",0.159985709004104,"r","dichotomius_podalirius"
"778",0.30397983151488,"r","dichotomius_podalirius"
"779",0.271333563840017,"r","dichotomius_podalirius"
"780",0.0716241442132741,"r","dichotomius_podalirius"
"781",0.0851701451465487,"r","dichotomius_podalirius"
"782",0.587280464824289,"r","dichotomius_podalirius"
"783",0.313974249176681,"r","dichotomius_podalirius"
"784",0.24766332609579,"r","dichotomius_podalirius"
"785",0.0394197087734938,"r","dichotomius_podalirius"
"786",0.310716657433659,"r","dichotomius_podalirius"
"787",0.731855620862916,"r","dichotomius_podalirius"
"788",0.0219611856155097,"r","dichotomius_podalirius"
"789",0.810978911118582,"r","dichotomius_podalirius"
"790",0.368535127257928,"r","dichotomius_podalirius"
"791",0.139775060350075,"r","dichotomius_podalirius"
"792",0.111440197331831,"r","dichotomius_podalirius"
"793",0.181337374495342,"r","dichotomius_podalirius"
"794",0.179377067834139,"r","dichotomius_podalirius"
"795",0.456255141412839,"r","dichotomius_podalirius"
"796",0.141598604153842,"r","dichotomius_podalirius"
"797",0.29675021651201,"r","dichotomius_podalirius"
"798",0.533785099396482,"r","dichotomius_podalirius"
"799",0.0963088402058929,"r","dichotomius_podalirius"
"800",0.600750819081441,"r","dichotomius_podalirius"
"801",5.96947422274388,"theta","eurysternus_affin"
"802",4.6608359683305,"theta","eurysternus_affin"
"803",3.63520234730095,"theta","eurysternus_affin"
"804",5.56668705446646,"theta","eurysternus_affin"
"805",5.91647923947312,"theta","eurysternus_affin"
"806",4.78214753582142,"theta","eurysternus_affin"
"807",5.36978881014511,"theta","eurysternus_affin"
"808",5.40378495724872,"theta","eurysternus_affin"
"809",4.35627464344725,"theta","eurysternus_affin"
"810",5.64586994377896,"theta","eurysternus_affin"
"811",5.13192227249965,"theta","eurysternus_affin"
"812",5.01289593661204,"theta","eurysternus_affin"
"813",5.19666023226455,"theta","eurysternus_affin"
"814",4.87623157468624,"theta","eurysternus_affin"
"815",4.04841102450155,"theta","eurysternus_affin"
"816",5.31087290868163,"theta","eurysternus_affin"
"817",5.73318628733978,"theta","eurysternus_affin"
"818",4.97092902101576,"theta","eurysternus_affin"
"819",4.15805437858216,"theta","eurysternus_affin"
"820",5.79080071439967,"theta","eurysternus_affin"
"821",5.45324590546079,"theta","eurysternus_affin"
"822",5.52715688501485,"theta","eurysternus_affin"
"823",3.97628118889406,"theta","eurysternus_affin"
"824",5.99438125174493,"theta","eurysternus_affin"
"825",5.1254348680377,"theta","eurysternus_affin"
"826",5.10377807915211,"theta","eurysternus_affin"
"827",4.87335705803707,"theta","eurysternus_affin"
"828",5.59087122930214,"theta","eurysternus_affin"
"829",5.51990744797513,"theta","eurysternus_affin"
"830",5.81430070474744,"theta","eurysternus_affin"
"831",5.88951557315886,"theta","eurysternus_affin"
"832",4.7451728945598,"theta","eurysternus_affin"
"833",4.89393835677765,"theta","eurysternus_affin"
"834",4.93534223549068,"theta","eurysternus_affin"
"835",5.68594514415599,"theta","eurysternus_affin"
"836",5.55154207651503,"theta","eurysternus_affin"
"837",4.87653336743824,"theta","eurysternus_affin"
"838",4.15338586340658,"theta","eurysternus_affin"
"839",4.6699216265697,"theta","eurysternus_affin"
"840",4.76288810628466,"theta","eurysternus_affin"
"841",5.3898763670586,"theta","eurysternus_affin"
"842",5.1114377649501,"theta","eurysternus_affin"
"843",4.48342792014591,"theta","eurysternus_affin"
"844",5.78081516223028,"theta","eurysternus_affin"
"845",5.85738827264868,"theta","eurysternus_affin"
"846",5.43357430980541,"theta","eurysternus_affin"
"847",5.2157777317334,"theta","eurysternus_affin"
"848",5.24187616328709,"theta","eurysternus_affin"
"849",5.50501529267058,"theta","eurysternus_affin"
"850",5.24947910360061,"theta","eurysternus_affin"
"851",4.6914669664111,"theta","eurysternus_affin"
"852",5.19438854441978,"theta","eurysternus_affin"
"853",3.9326011647936,"theta","eurysternus_affin"
"854",5.2158146656584,"theta","eurysternus_affin"
"855",5.87292751320638,"theta","eurysternus_affin"
"856",4.97870231419802,"theta","eurysternus_affin"
"857",4.50667762104422,"theta","eurysternus_affin"
"858",5.84467667760327,"theta","eurysternus_affin"
"859",5.70886126044206,"theta","eurysternus_affin"
"860",5.20514645986259,"theta","eurysternus_affin"
"861",3.80004250118509,"theta","eurysternus_affin"
"862",5.54763402114622,"theta","eurysternus_affin"
"863",4.16068704472855,"theta","eurysternus_affin"
"864",4.90043414430693,"theta","eurysternus_affin"
"865",5.36571631347761,"theta","eurysternus_affin"
"866",5.34234092594124,"theta","eurysternus_affin"
"867",4.15526059246622,"theta","eurysternus_affin"
"868",5.38761604484171,"theta","eurysternus_affin"
"869",5.01405281270854,"theta","eurysternus_affin"
"870",5.43727484671399,"theta","eurysternus_affin"
"871",4.16824835841544,"theta","eurysternus_affin"
"872",4.98693826748058,"theta","eurysternus_affin"
"873",4.10451275203377,"theta","eurysternus_affin"
"874",4.41732757282443,"theta","eurysternus_affin"
"875",5.07610529917292,"theta","eurysternus_affin"
"876",4.47043182584457,"theta","eurysternus_affin"
"877",4.56211657403037,"theta","eurysternus_affin"
"878",4.306801909348,"theta","eurysternus_affin"
"879",5.28916793316603,"theta","eurysternus_affin"
"880",5.80514979572035,"theta","eurysternus_affin"
"881",5.37920777476393,"theta","eurysternus_affin"
"882",5.1628723568283,"theta","eurysternus_affin"
"883",4.33249010029249,"theta","eurysternus_affin"
"884",5.54027713509277,"theta","eurysternus_affin"
"885",5.11782438750379,"theta","eurysternus_affin"
"886",4.59015499125235,"theta","eurysternus_affin"
"887",4.66085387417115,"theta","eurysternus_affin"
"888",5.55221232259646,"theta","eurysternus_affin"
"889",5.35458264197223,"theta","eurysternus_affin"
"890",4.23420788045041,"theta","eurysternus_affin"
"891",4.71458991896361,"theta","eurysternus_affin"
"892",5.52398546389304,"theta","eurysternus_affin"
"893",5.62681923876517,"theta","eurysternus_affin"
"894",5.76545993587933,"theta","eurysternus_affin"
"895",5.91580973961391,"theta","eurysternus_affin"
"896",4.37473688763566,"theta","eurysternus_affin"
"897",3.62575021712109,"theta","eurysternus_affin"
"898",5.47426282102242,"theta","eurysternus_affin"
"899",4.78427696297877,"theta","eurysternus_affin"
"900",4.50541650201194,"theta","eurysternus_affin"
"901",0.735917126759887,"r","eurysternus_affin"
"902",0.626450801966712,"r","eurysternus_affin"
"903",0.970039058243856,"r","eurysternus_affin"
"904",0.616366036934778,"r","eurysternus_affin"
"905",0.27007814636454,"r","eurysternus_affin"
"906",0.208832509117201,"r","eurysternus_affin"
"907",0.669061162741855,"r","eurysternus_affin"
"908",0.400691362097859,"r","eurysternus_affin"
"909",0.0813273268286139,"r","eurysternus_affin"
"910",0.59404539084062,"r","eurysternus_affin"
"911",0.759055997710675,"r","eurysternus_affin"
"912",0.985650127055123,"r","eurysternus_affin"
"913",0.198239028686658,"r","eurysternus_affin"
"914",0.872937206644565,"r","eurysternus_affin"
"915",0.350288201589137,"r","eurysternus_affin"
"916",0.657414246117696,"r","eurysternus_affin"
"917",0.955697283614427,"r","eurysternus_affin"
"918",0.0480570895597339,"r","eurysternus_affin"
"919",0.617481952300295,"r","eurysternus_affin"
"920",0.925173420226201,"r","eurysternus_affin"
"921",0.292253541760147,"r","eurysternus_affin"
"922",0.54667985253036,"r","eurysternus_affin"
"923",0.104081779718399,"r","eurysternus_affin"
"924",0.728996959514916,"r","eurysternus_affin"
"925",0.961372230900452,"r","eurysternus_affin"
"926",0.337994617875665,"r","eurysternus_affin"
"927",0.511769807199016,"r","eurysternus_affin"
"928",0.292293582344428,"r","eurysternus_affin"
"929",0.729139036498964,"r","eurysternus_affin"
"930",0.849471156718209,"r","eurysternus_affin"
"931",0.337650493718684,"r","eurysternus_affin"
"932",0.951216386398301,"r","eurysternus_affin"
"933",0.845182615099475,"r","eurysternus_affin"
"934",0.664343578508124,"r","eurysternus_affin"
"935",0.591908068861812,"r","eurysternus_affin"
"936",0.514177729841322,"r","eurysternus_affin"
"937",0.382535198936239,"r","eurysternus_affin"
"938",0.408224018057808,"r","eurysternus_affin"
"939",0.397857000585645,"r","eurysternus_affin"
"940",0.411508017685264,"r","eurysternus_affin"
"941",0.44464294379577,"r","eurysternus_affin"
"942",0.456056082155555,"r","eurysternus_affin"
"943",0.688448528992012,"r","eurysternus_affin"
"944",0.512488399632275,"r","eurysternus_affin"
"945",0.95244906283915,"r","eurysternus_affin"
"946",0.5489953069482,"r","eurysternus_affin"
"947",0.14390754327178,"r","eurysternus_affin"
"948",0.794451295863837,"r","eurysternus_affin"
"949",0.0986419944092631,"r","eurysternus_affin"
"950",0.559853801503778,"r","eurysternus_affin"
"951",0.849507648730651,"r","eurysternus_affin"
"952",0.402142859762534,"r","eurysternus_affin"
"953",0.935339630814269,"r","eurysternus_affin"
"954",0.701595672639087,"r","eurysternus_affin"
"955",0.867593638366088,"r","eurysternus_affin"
"956",0.498728124424815,"r","eurysternus_affin"
"957",0.778646825114265,"r","eurysternus_affin"
"958",0.518669265788049,"r","eurysternus_affin"
"959",0.650667642708868,"r","eurysternus_affin"
"960",0.819358921376988,"r","eurysternus_affin"
"961",0.209497178904712,"r","eurysternus_affin"
"962",0.824815026018769,"r","eurysternus_affin"
"963",0.559996613534167,"r","eurysternus_affin"
"964",0.264042280847207,"r","eurysternus_affin"
"965",0.605307721998543,"r","eurysternus_affin"
"966",0.82772730034776,"r","eurysternus_affin"
"967",0.631863137939945,"r","eurysternus_affin"
"968",0.869509393582121,"r","eurysternus_affin"
"969",0.907000763108954,"r","eurysternus_affin"
"970",0.610942007508129,"r","eurysternus_affin"
"971",0.502654153387994,"r","eurysternus_affin"
"972",0.654107217444107,"r","eurysternus_affin"
"973",0.50719596655108,"r","eurysternus_affin"
"974",0.363041838631034,"r","eurysternus_affin"
"975",0.864305516006425,"r","eurysternus_affin"
"976",0.0723558473400772,"r","eurysternus_affin"
"977",0.344356302870438,"r","eurysternus_affin"
"978",0.909409889951348,"r","eurysternus_affin"
"979",0.138841168256477,"r","eurysternus_affin"
"980",0.581255704630166,"r","eurysternus_affin"
"981",0.0848858552053571,"r","eurysternus_affin"
"982",0.643251138739288,"r","eurysternus_affin"
"983",0.373712721979246,"r","eurysternus_affin"
"984",0.35737644508481,"r","eurysternus_affin"
"985",0.372962152352557,"r","eurysternus_affin"
"986",0.301168920006603,"r","eurysternus_affin"
"987",0.691528747789562,"r","eurysternus_affin"
"988",0.951467640930787,"r","eurysternus_affin"
"989",0.481172417057678,"r","eurysternus_affin"
"990",0.558815739583224,"r","eurysternus_affin"
"991",0.871950503671542,"r","eurysternus_affin"
"992",0.325031333602965,"r","eurysternus_affin"
"993",0.326651284238324,"r","eurysternus_affin"
"994",0.713723551947623,"r","eurysternus_affin"
"995",0.220766949467361,"r","eurysternus_affin"
"996",0.654677163343877,"r","eurysternus_affin"
"997",0.214402004145086,"r","eurysternus_affin"
"998",0.142048035981134,"r","eurysternus_affin"
"999",0.847703068517148,"r","eurysternus_affin"
"1000",0.872090649558231,"r","eurysternus_affin"
